2026-06-24,-1572.1,-60.4,-2.4,62475.17,68000.0,-7.7,,,,,,,,,
2026-06-25,-640.0,-16.4,-4.6,59248.16,63000.0,-8.82,NEUTRAL,BEAR,BEAR,BEAR,NEUTRAL,-16.4,-16.4,1416.9,1416.9
2026-06-26,-583.9,-12.3,-3.2,59696.3,63000.0,-8.87,NEUTRAL,BEAR,NEUTRAL,BEAR,NEUTRAL,-12.3,-12.3,1610.0,1610.0
2026-06-29,-828.3,-3.3,-3.4,60370.15,64000.0,-6.92,NEUTRAL,BEAR,BEAR,NEUTRAL,NEUTRAL,-3.3,-3.3,2347.2,2347.2
2026-06-30,-1146.5,-39.6,-3.4,58701.55,63000.0,-7.42,NEUTRAL,BEAR,BEAR,NEUTRAL,NEUTRAL,-39.6,-39.6,2305.5,2305.5
2026-07-01,-718.7,-9.0,-3.4,59995.88,63000.0,-8.56,NEUTRAL,BEAR,BEAR,NEUTRAL,NEUTRAL,-9.0,-9.0,2325.8,2325.8
2026-07-02,-317.5,39.4,0.0,61426.77,64000.0,-7.19,BULL,BEAR,NEUTRAL,NEUTRAL,NEUTRAL,39.4,39.4,2463.3,2463.3
2026-07-03,-5.6,62.5,0.0,62559.37,64000.0,-7.33,BULL,BEAR,NEUTRAL,BULL,NEUTRAL,62.5,62.5,2812.3,2812.3
2026-07-06,518.2,117.9,-4.0,64150.6,64000.0,-6.05,NEUTRAL,BEAR,NEUTRAL,BULL,NEUTRAL,117.9,117.9,3136.0,3136.0
2026-07-09,-6.5,-257.8,-4.0,63219.5,64000.0,-7.17,NEUTRAL,BEAR,NEUTRAL,BULL,NEUTRAL,79.6,79.6,2629.4,2629.4
2026-07-10,209.7,-293.2,-4.0,63871.82,64000.0,-5.92,NEUTRAL,BEAR,NEUTRAL,BULL,NEUTRAL,99.6,99.6,2742.5,2742.5
2026-07-11,316.0,-291.4,-4.0,64248.56,64000.0,-6.18,NEUTRAL,BEAR,NEUTRAL,BULL,NEUTRAL,112.7,112.7,2861.2,2861.2
2026-07-12,263.7,-282.2,-4.0,64198.3,64000.0,-6.19,NEUTRAL,BEAR,NEUTRAL,BULL,NEUTRAL,106.1,106.1,2821.0,2821.0
2026-07-13,-420.1,-248.6,-4.0,62198.67,64000.0,-6.62,NEUTRAL,BEAR,BEAR,BULL,NEUTRAL,36.6,36.6,2390.5,2390.5
2026-07-14,474.4,-305.5,-4.0,64552.56,64000.0,-6.24,NEUTRAL,BEAR,BEAR,BULL,NEUTRAL,120.4,120.4,2979.7,2979.7
2026-07-15,758.1,-356.5,-4.0,64928.72,64000.0,-6.02,NEUTRAL,BEAR,NEUTRAL,BULL,NEUTRAL,172.2,172.2,3186.9,3186.9
2026-07-16,216.2,-278.3,-3.4,64220.38,65000.0,-5.66,NEUTRAL,BEAR,NEUTRAL,BULL,NEUTRAL,101.3,101.3,2743.7,2743.7
2026-07-17,294.3,-330.1,-3.5,64080.63,65000.0,-5.75,NEUTRAL,BEAR,NEUTRAL,BULL,NEUTRAL,132.0,132.0,2880.9,2880.9
2026-07-18,499.8,157.1,-2.2,64535.95,65000.0,-5.77,BULL,BEAR,NEUTRAL,BULL,NEUTRAL,157.1,157.1,2975.8,2975.8
2026-07-19,425.5,153.2,-1.9,64437.27,65000.0,-5.58,BULL,BEAR,NEUTRAL,NEUTRAL,NEUTRAL,153.2,153.2,2918.7,2918.7
2026-07-20,775.1,-378.9,-4.0,65128.88,65000.0,-6.21,NEUTRAL,BEAR,NEUTRAL,NEUTRAL,NEUTRAL,201.7,201.7,3168.6,3168.6
2026-07-21,1661.5,-475.5,-1.9,66396.64,65000.0,-4.04,NEUTRAL,BEAR,NEUTRAL,NEUTRAL,NEUTRAL,303.7,303.7,3880.5,3880.5
2026-07-22,1309.7,-461.2,-2.6,65888.61,65000.0,-3.85,NEUTRAL,BEAR,NEUTRAL,NEUTRAL,NEUTRAL,272.1,272.1,3668.3,3668.3
2026-07-23,538.8,-360.5,-3.7,64802.8,65000.0,-5.29,NEUTRAL,BEAR,NEUTRAL,NEUTRAL,NEUTRAL,164.2,164.2,3097.9,3097.9
2026-07-24,116.2,114.0,-0.7,64159.31,65000.0,-5.21,BULL,BEAR,NEUTRAL,NEUTRAL,NEUTRAL,114.0,114.0,2855.7,2855.7
2026-07-25,144.0,334.5,-1.8,64335.76,65000.0,-5.0,BULL,BEAR,NEUTRAL,NEUTRAL,NEUTRAL,116.5,116.5,2837.4,2837.4
2026-07-27,321.2,339.6,-3.3,64940.58,65000.0,-5.58,NEUTRAL,BEAR,NEUTRAL,NEUTRAL,NEUTRAL,139.1,139.1,2837.7,2837.7
2026-07-30,87.7,206.8,-3.2,64742.25,65000.0,-5.41,BULL,BEAR,NEUTRAL,BULL,NEUTRAL,59.9,59.9,1934.2,1934.2
2026-07-31,-413.0,204.0,0.0,62917.51,65000.0,-5.21,BULL,BEAR,NEUTRAL,BULL,NEUTRAL,-2.8,-2.8,1830.5,1830.5
2026-08-01,-538.1,193.5,0.0,62442.38,65000.0,-5.29,BULL,BEAR,NEUTRAL,NEUTRAL,NEUTRAL,-12.3,-12.3,1843.0,1843.0
2026-08-02,-271.2,205.7,0.0,63389.3,65000.0,-5.93,BULL,BEAR,NEUTRAL,BULL,NEUTRAL,16.8,16.8,1842.0,1842.0
2026-08-03,-67.8,230.7,-0.3,63807.25,65000.0,-5.13,BULL,BEAR,NEUTRAL,BULL,NEUTRAL,44.1,44.1,1952.8,1952.8
2026-08-04,-16.9,236.1,-1.0,64143.16,65000.0,-5.23,BULL,BEAR,NEUTRAL,BULL,NEUTRAL,51.1,51.1,1984.9,1984.9
2026-08-05,228.3,253.7,-3.8,64811.48,65000.0,-4.94,NEUTRAL,BEAR,NEUTRAL,BULL,NEUTRAL,85.1,85.1,2103.9,2103.9
2026-08-06,18.0,211.2,-1.8,64397.19,65000.0,-4.65,BULL,BEAR,NEUTRAL,BULL,NEUTRAL,48.7,48.7,1944.8,1944.8
2026-08-07,160.8,248.1,-2.8,64917.96,65000.0,-4.54,NEUTRAL,BEAR,NEUTRAL,BULL,NEUTRAL,69.4,69.4,2013.8,2013.8
2026-08-08,197.9,241.7,-2.6,65027.88,65000.0,-4.37,NEUTRAL,BEAR,NEUTRAL,BULL,NEUTRAL,70.0,70.0,2013.8,2013.8
2026-08-09,238.4,234.9,-2.7,65139.25,65000.0,-4.73,NEUTRAL,BEAR,NEUTRAL,BULL,NEUTRAL,71.9,71.9,2023.5,2023.5
2026-08-10,-91.0,232.4,-0.0,63975.49,65000.0,-5.09,BULL,BEAR,NEUTRAL,BULL,NEUTRAL,25.4,25.4,1953.0,1953.0
2026-08-11,-216.6,14.0,0.0,63509.05,65000.0,-4.7,BULL,BEAR,NEUTRAL,BULL,NEUTRAL,14.0,14.0,1894.8,1894.8
2026-08-12,-208.9,32.5,0.0,63360.35,65000.0,-4.43,BULL,BEAR,NEUTRAL,NEUTRAL,NEUTRAL,32.5,32.5,1934.1,1934.1
2026-08-13,-177.6,45.1,1.5,63348.49,65000.0,-3.91,BULL,BEAR,NEUTRAL,BULL,NEUTRAL,45.1,45.1,1849.4,1849.4
