2026-06-25,1.2,0.0,-4.2,63.538,63.0,-5.08,BEAR,BEAR,BEAR,NEUTRAL,NEUTRAL,0.0,0.0,9.0,9.0
2026-06-26,2.8,0.1,-3.2,64.731,63.0,-2.9,BEAR,BEAR,NEUTRAL,NEUTRAL,NEUTRAL,0.1,0.1,12.0,12.0
2026-06-29,6.9,0.2,-6.5,66.898,63.0,-4.87,BEAR,BEAR,BEAR,BEAR,NEUTRAL,0.2,0.2,12.9,12.9
2026-06-30,5.7,0.5,-5.9,65.368,63.0,-3.23,BEAR,BEAR,BEAR,BEAR,NEUTRAL,0.5,0.5,12.6,12.6
2026-07-01,0.9,0.1,-2.6,63.041,63.0,-6.73,NEUTRAL,BEAR,BEAR,BULL,NEUTRAL,0.1,0.1,13.5,13.5
2026-07-02,2.9,0.1,-8.0,66.24,64.0,-5.14,BEAR,BEAR,NEUTRAL,NEUTRAL,NEUTRAL,0.1,0.1,9.7,9.7
2026-07-03,7.2,0.3,-6.0,70.441,68.0,-2.51,BEAR,BEAR,NEUTRAL,NEUTRAL,NEUTRAL,0.3,0.3,21.4,21.4
2026-07-06,8.3,0.4,-7.3,71.284,70.0,-4.62,BEAR,BEAR,BEAR,NEUTRAL,NEUTRAL,0.4,0.4,23.7,23.7
2026-07-09,5.8,0.4,1.0,66.975,70.0,-3.8,BULL,BEAR,NEUTRAL,BULL,NEUTRAL,0.4,0.4,23.9,23.9
2026-07-10,1.9,-0.2,-3.0,67.267,70.0,-3.8,NEUTRAL,BEAR,NEUTRAL,BULL,NEUTRAL,-0.2,-0.2,28.1,28.1
2026-07-11,3.8,0.1,2.0,67.63,70.0,-2.47,BULL,BEAR,NEUTRAL,BULL,NEUTRAL,0.1,0.1,27.0,27.0
2026-07-12,5.9,0.1,1.8,68.307,70.0,-2.73,BULL,BEAR,NEUTRAL,BULL,NEUTRAL,0.1,0.1,28.7,28.7
2026-07-13,-14.2,-0.9,-1.7,63.611,68.0,-2.13,NEUTRAL,BEAR,NEUTRAL,BULL,NEUTRAL,-0.9,-0.9,32.1,32.1
2026-07-14,-7.9,-1.1,-1.6,65.205,68.0,-2.01,NEUTRAL,BEAR,NEUTRAL,BULL,NEUTRAL,-1.1,-1.1,31.8,31.8
2026-07-15,0.7,-0.7,-2.5,66.745,68.0,-3.17,NEUTRAL,BEAR,NEUTRAL,BULL,NEUTRAL,-0.7,-0.7,33.1,33.1
2026-07-16,-8.6,0.0,4.0,62.199,70.0,-0.04,BULL,NEUTRAL,NEUTRAL,BULL,NEUTRAL,0.0,0.0,21.0,21.0
2026-07-17,-9.9,0.3,1.3,60.02,65.0,-3.35,BULL,BEAR,NEUTRAL,BULL,NEUTRAL,0.3,0.3,26.0,26.0
2026-07-18,-11.1,0.1,1.6,59.866,65.0,-3.05,BULL,BEAR,NEUTRAL,BULL,NEUTRAL,0.1,0.1,25.3,25.3
2026-07-19,-7.2,0.4,4.0,61.114,65.0,-1.59,BULL,NEUTRAL,BEAR,BULL,NEUTRAL,0.4,0.4,27.7,27.7
2026-07-20,-4.1,0.7,4.0,62.013,65.0,-1.2,BULL,NEUTRAL,NEUTRAL,BULL,NEUTRAL,0.7,0.7,28.1,28.1
2026-07-21,-12.8,-0.2,-1.8,60.2,65.0,-2.3,NEUTRAL,BEAR,NEUTRAL,BULL,NEUTRAL,-0.2,-0.2,25.6,25.6
2026-07-22,-17.0,-0.7,-1.8,59.264,65.0,-2.28,NEUTRAL,BEAR,NEUTRAL,BULL,NEUTRAL,-0.7,-0.7,24.8,24.8
2026-07-23,-14.0,-0.3,-4.0,57.972,66.0,-5.62,NEUTRAL,BEAR,NEUTRAL,NEUTRAL,NEUTRAL,-0.3,-0.3,18.6,18.6
2026-07-24,-14.6,-0.4,-3.8,58.098,66.0,-4.69,NEUTRAL,BEAR,NEUTRAL,NEUTRAL,NEUTRAL,-0.4,-0.4,19.5,19.5
2026-07-25,-14.0,-0.3,-3.3,58.058,65.0,-4.12,NEUTRAL,BEAR,NEUTRAL,NEUTRAL,NEUTRAL,-0.3,-0.3,19.8,19.8
2026-07-27,-14.1,-0.5,-3.5,57.238,65.0,-4.4,NEUTRAL,BEAR,NEUTRAL,NEUTRAL,NEUTRAL,-0.5,-0.5,17.8,17.8
2026-07-30,-11.4,-0.4,-2.1,55.366,59.0,-2.66,NEUTRAL,BEAR,NEUTRAL,NEUTRAL,NEUTRAL,-0.4,-0.4,19.0,19.0
2026-07-31,-20.1,-0.9,-2.3,52.256,59.0,-2.85,NEUTRAL,BEAR,NEUTRAL,BULL,NEUTRAL,-0.9,-0.9,24.1,24.1
2026-08-01,-19.0,-0.7,-3.3,52.016,56.0,-4.08,NEUTRAL,BEAR,NEUTRAL,BULL,NEUTRAL,-0.7,-0.7,24.6,24.6
2026-08-02,-16.6,-0.6,-4.0,52.742,56.0,-5.19,NEUTRAL,BEAR,NEUTRAL,BULL,NEUTRAL,-0.6,-0.6,24.5,24.5
2026-08-03,-12.3,-0.5,-1.8,54.46,56.0,-2.29,NEUTRAL,BEAR,NEUTRAL,BULL,NEUTRAL,-0.5,-0.5,23.3,23.3
2026-08-04,-10.0,-0.7,-1.8,55.554,56.0,-2.31,NEUTRAL,BEAR,NEUTRAL,BULL,NEUTRAL,-0.7,-0.7,23.3,23.3
2026-08-05,-4.2,-0.3,-2.1,57.249,56.0,-2.64,NEUTRAL,BEAR,NEUTRAL,BULL,NEUTRAL,-0.3,-0.3,22.7,22.7
2026-08-06,-9.7,-0.5,-2.2,56.049,58.0,-2.75,NEUTRAL,BEAR,NEUTRAL,BULL,NEUTRAL,-0.5,-0.5,18.7,18.7
2026-08-07,-16.7,-1.2,-2.8,54.445,58.0,-3.49,NEUTRAL,BEAR,NEUTRAL,BULL,NEUTRAL,-1.2,-1.2,22.9,22.9
2026-08-08,-13.8,-0.9,-3.0,54.949,58.0,-3.79,NEUTRAL,BEAR,NEUTRAL,BULL,NEUTRAL,-0.9,-0.9,21.3,21.3
2026-08-09,-14.4,-0.8,-3.1,54.705,57.0,-3.83,NEUTRAL,BEAR,NEUTRAL,BULL,NEUTRAL,-0.8,-0.8,22.3,22.3
2026-08-10,-10.7,-0.8,-1.7,55.891,58.0,-2.09,NEUTRAL,BEAR,NEUTRAL,BULL,NEUTRAL,-0.8,-0.8,20.4,20.4
2026-08-11,-15.1,-1.0,0.0,54.535,57.0,-1.54,NEUTRAL,NEUTRAL,NEUTRAL,BULL,NEUTRAL,-1.0,-1.0,22.7,22.7
2026-08-12,-8.2,-0.5,0.0,56.19,57.0,-1.71,NEUTRAL,NEUTRAL,NEUTRAL,BULL,NEUTRAL,-0.5,-0.5,20.7,20.7
2026-08-13,-6.2,-0.5,-1.7,57.458,60.0,-2.13,NEUTRAL,BEAR,NEUTRAL,BULL,NEUTRAL,-0.5,-0.5,15.9,15.9
2026-08-14,-11.4,-0.8,0.0,55.665,58.0,-1.09,NEUTRAL,NEUTRAL,NEUTRAL,BULL,NEUTRAL,-0.8,-0.8,17.6,17.6
2026-08-15,-6.4,-0.5,0.0,57.253,58.0,-1.05,NEUTRAL,NEUTRAL,NEUTRAL,BULL,NEUTRAL,-0.5,-0.5,16.1,16.1
2026-08-16,-4.8,-0.5,0.0,57.732,58.0,-1.01,NEUTRAL,NEUTRAL,NEUTRAL,BULL,NEUTRAL,-0.5,-0.5,16.4,16.4
2026-08-17,-1.7,-0.3,0.0,58.876,58.0,-0.97,NEUTRAL,NEUTRAL,NEUTRAL,BULL,NEUTRAL,-0.3,-0.3,15.1,15.1
2026-08-18,-1.5,-0.3,0.0,58.928,58.0,-1.27,NEUTRAL,NEUTRAL,NEUTRAL,BULL,NEUTRAL,-0.3,-0.3,15.1,15.1
