2026-06-25,122985.2,-11594.9,-3.4,731.57,735.0,-6.11,NEUTRAL,BEAR,BEAR,NEUTRAL,NEUTRAL,-11594.9,-11594.9,122985.2,122985.2,,,
2026-06-26,120242.6,-9291.0,-2.0,733.195,735.0,-5.99,NEUTRAL,BEAR,NEUTRAL,NEUTRAL,NEUTRAL,-9291.0,-9291.0,120242.6,120242.6,,,
2026-06-29,112656.8,-4254.7,-3.3,740.66,735.0,-5.64,NEUTRAL,BEAR,BEAR,NEUTRAL,NEUTRAL,-4254.7,-4254.7,112656.8,112656.8,,,
2026-06-30,108499.6,990.1,-4.0,746.885,735.0,-5.24,BEAR,BEAR,BEAR,BULL,NEUTRAL,990.1,990.1,108499.6,108499.6,,,
2026-07-01,107281.0,-506.1,-2.3,746.59,736.0,-5.28,NEUTRAL,BEAR,BEAR,BULL,NEUTRAL,-506.1,-506.1,107281.0,107281.0,,,
2026-07-02,103396.4,-4229.8,-3.7,743.23,739.0,-5.48,NEUTRAL,BEAR,NEUTRAL,NEUTRAL,NEUTRAL,-4229.8,-4229.8,103396.4,103396.4,,,
2026-07-03,122661.9,-2800.1,-3.6,744.78,740.0,-5.47,NEUTRAL,BEAR,NEUTRAL,BULL,NEUTRAL,-2800.1,-2800.1,122661.9,122661.9,,,
2026-07-06,105590.9,1715.0,-6.4,751.78,740.0,-4.99,BEAR,BEAR,NEUTRAL,BULL,NEUTRAL,1715.0,1715.0,105590.9,105590.9,,,
2026-07-09,117843.8,3406.0,-6.5,751.32,740.0,-5.19,BEAR,BEAR,NEUTRAL,BULL,NEUTRAL,3406.0,3406.0,117843.8,117843.8,,,
2026-07-10,113393.6,4498.1,-7.1,755.12,740.0,-5.6,BEAR,BEAR,NEUTRAL,BULL,NEUTRAL,4498.1,4498.1,113393.6,113393.6,,,
2026-07-11,114706.2,4497.8,-7.0,754.95,740.0,-5.58,BEAR,BEAR,NEUTRAL,BULL,NEUTRAL,4497.8,4497.8,114706.2,114706.2,,,
2026-07-12,114706.2,4500.9,-7.2,754.95,740.0,-5.58,BEAR,BEAR,NEUTRAL,BULL,NEUTRAL,4500.9,4500.9,114706.2,114706.2,,,
2026-07-13,119184.1,-3832.3,-4.0,748.62,742.0,-5.88,NEUTRAL,BEAR,BEAR,BEAR,NEUTRAL,-3832.3,-3832.3,119184.1,119184.1,,,
2026-07-14,118840.6,760.6,-6.4,752.31,743.0,-5.76,BEAR,BEAR,BEAR,NEUTRAL,NEUTRAL,760.6,760.6,118840.6,118840.6,,,
2026-07-15,117229.0,1548.3,-6.4,753.91,744.0,-5.87,BEAR,BEAR,NEUTRAL,BULL,NEUTRAL,1548.3,1548.3,117229.0,117229.0,,,
2026-07-16,124800.3,-6595.4,-4.0,748.36,743.0,-6.17,NEUTRAL,BEAR,BEAR,BEAR,NEUTRAL,-6595.4,-6595.4,124800.3,124800.3,,,
2026-07-17,107524.4,-8188.3,-4.0,743.67,745.0,-6.55,NEUTRAL,BEAR,NEUTRAL,BEAR,NEUTRAL,-8188.3,-8188.3,107524.4,107524.4,,,
2026-07-18,108528.1,-8783.7,-4.0,743.29,743.0,-6.55,NEUTRAL,BEAR,NEUTRAL,BEAR,NEUTRAL,-8783.7,-8783.7,108528.1,108528.1,,,
2026-07-19,112570.5,-8889.2,-4.0,743.29,744.0,-6.55,NEUTRAL,BEAR,NEUTRAL,BEAR,NEUTRAL,-8889.2,-8889.2,112570.5,112570.5,,,
2026-07-20,117317.6,-9383.2,-4.0,742.82,744.0,-6.51,NEUTRAL,BEAR,BEAR,BEAR,NEUTRAL,-9383.2,-9383.2,117317.6,117317.6,,,
2026-07-21,113707.7,-3511.1,-4.0,748.46,743.0,-6.15,NEUTRAL,BEAR,BEAR,NEUTRAL,NEUTRAL,-3511.1,-3511.1,113707.7,113707.7,,,
2026-07-22,114381.9,-5017.5,-4.0,747.81,744.0,-6.28,NEUTRAL,BEAR,BEAR,NEUTRAL,NEUTRAL,-5017.5,-5017.5,114381.9,114381.9,,,
2026-07-23,127749.5,-14341.2,-4.0,736.12,741.0,-7.3,NEUTRAL,BEAR,BEAR,BEAR,NEUTRAL,-14341.2,-14341.2,127749.5,127749.5,,,
2026-07-24,123734.8,-11196.1,-4.0,738.01,740.0,-6.85,NEUTRAL,BEAR,NEUTRAL,BEAR,NEUTRAL,-11196.1,-11196.1,123734.8,123734.8,,,
2026-07-25,122631.2,-10941.9,-4.0,738.93,740.0,-6.87,NEUTRAL,BEAR,NEUTRAL,BEAR,NEUTRAL,-10941.9,-10941.9,122631.2,122631.2,,,
2026-07-27,122698.6,-10692.2,-4.0,738.69,740.0,-6.9,NEUTRAL,BEAR,NEUTRAL,BEAR,NEUTRAL,-10692.2,-10692.2,122698.6,122698.6,,,
2026-07-30,117042.8,-8607.0,-4.0,741.58,740.0,-6.38,NEUTRAL,BEAR,BEAR,NEUTRAL,NEUTRAL,-8607.0,-8607.0,117042.8,117042.8,,,
2026-07-31,100376.8,-615.5,-3.7,748.345,740.0,-5.94,NEUTRAL,BEAR,NEUTRAL,BULL,NEUTRAL,-615.5,-615.5,100376.8,100376.8,,,
2026-08-01,102221.1,-1440.8,-3.7,747.03,740.0,-5.95,NEUTRAL,BEAR,NEUTRAL,BULL,NEUTRAL,-1440.8,-1440.8,102221.1,102221.1,,,
2026-08-02,104590.4,-1360.3,-3.7,747.03,740.0,-5.95,NEUTRAL,BEAR,NEUTRAL,BULL,NEUTRAL,-1360.3,-1360.3,104590.4,104590.4,,,
2026-08-03,116895.0,6161.1,-6.8,758.09,740.0,-5.14,BEAR,BEAR,NEUTRAL,BULL,NEUTRAL,6161.1,6161.1,116895.0,116895.0,,,
2026-08-04,133798.6,6496.3,-6.2,773.38,749.0,-4.47,BEAR,BEAR,BEAR,NEUTRAL,NEUTRAL,6496.3,6496.3,133798.6,133798.6,,,
2026-08-05,150046.4,6278.6,-6.5,771.3,750.0,-4.7,BEAR,BEAR,BEAR,NEUTRAL,NEUTRAL,6278.6,6278.6,150046.4,150046.4,,,
2026-08-06,142982.2,3003.2,-6.9,768.075,750.0,-4.99,BEAR,BEAR,BEAR,BULL,NEUTRAL,3003.2,3003.2,142982.2,142982.2,,,
2026-08-07,130721.4,6740.8,-6.3,772.78,750.0,-4.6,BEAR,BEAR,NEUTRAL,BULL,NEUTRAL,6740.8,6740.8,130721.4,130721.4,,,
2026-08-08,133320.0,6866.3,-6.3,773.26,750.0,-4.6,BEAR,BEAR,NEUTRAL,BULL,NEUTRAL,6866.3,6866.3,133320.0,133320.0,,,
2026-08-09,133320.0,6869.0,-6.4,773.26,750.0,-4.6,BEAR,BEAR,NEUTRAL,BULL,NEUTRAL,6869.0,6869.0,133320.0,133320.0,,,
2026-08-10,135136.9,10006.1,-6.6,773.01,750.0,-4.62,BEAR,BEAR,NEUTRAL,NEUTRAL,NEUTRAL,10006.1,10006.1,135136.9,135136.9,,,
2026-08-11,133780.0,4441.8,-6.7,770.49,755.0,-4.86,BEAR,BEAR,BEAR,BULL,NEUTRAL,4441.8,4441.8,133780.0,133780.0,,,
2026-08-12,132645.3,8808.7,-6.4,772.755,755.0,-4.95,BEAR,BEAR,BEAR,BULL,NEUTRAL,8808.7,8808.7,132645.3,132645.3,,,
2026-08-13,143104.3,19000.1,-6.3,777.82,755.0,-4.8,BEAR,BEAR,NEUTRAL,BULL,NEUTRAL,19000.1,19000.1,143104.3,143104.3,,,
2026-08-14,120537.1,4271.4,-6.4,776.08,756.0,-4.7,BEAR,BEAR,NEUTRAL,BULL,NEUTRAL,4271.4,4271.4,120537.1,120537.1,,,
2026-08-15,120556.0,4259.6,-6.4,776.34,755.0,-4.68,BEAR,BEAR,NEUTRAL,BULL,NEUTRAL,4259.6,4259.6,120556.0,120556.0,,,
2026-08-16,120556.0,4263.1,-6.6,776.34,755.0,-4.68,BEAR,BEAR,NEUTRAL,BULL,NEUTRAL,4263.1,4263.1,120556.0,120556.0,,,
2026-08-17,117205.4,1375.5,-6.6,773.23,760.0,-5.23,BEAR,BEAR,NEUTRAL,BULL,NEUTRAL,1375.5,1375.5,117205.4,117205.4,,,
2026-08-18,121349.8,-5180.9,-3.7,767.79,756.0,-5.5,NEUTRAL,BEAR,NEUTRAL,NEUTRAL,NEUTRAL,-5180.9,-5180.9,121349.8,121349.8,,,
2026-08-19,121701.7,-3547.3,-3.2,768.74,757.0,-5.37,NEUTRAL,BEAR,NEUTRAL,BULL,NEUTRAL,-3547.3,-3547.3,121701.7,121701.7,,,
2026-08-20,122971.4,-10215.7,-3.8,763.0,756.0,-5.63,NEUTRAL,BEAR,BEAR,NEUTRAL,NEUTRAL,-10215.7,-10215.7,122971.4,122971.4,,,
2026-08-21,94637.0,-5376.8,-3.1,766.4,760.0,-4.99,NEUTRAL,BEAR,NEUTRAL,BULL,NEUTRAL,-5376.8,-5376.8,94637.0,94637.0,,,
2026-08-22,96748.4,-6164.9,-3.2,765.72,759.0,-4.99,NEUTRAL,BEAR,NEUTRAL,BULL,NEUTRAL,-6164.9,-6164.9,96748.4,96748.4,,,
2026-08-23,101257.0,-5844.4,-3.3,765.72,756.0,-4.99,NEUTRAL,BEAR,NEUTRAL,BULL,NEUTRAL,-5844.4,-5844.4,101257.0,101257.0,,,
2026-08-24,-70.6,-8424.4,0.0,763.49,758.0,-5.43,NEUTRAL,NEUTRAL,NEUTRAL,NEUTRAL,NEUTRAL,-8424.4,-8424.4,104372.7,104372.7,,,
2026-08-25,7991.0,-7158.3,0.0,765.3125,759.0,-4.91,NEUTRAL,NEUTRAL,NEUTRAL,BULL,NEUTRAL,-7158.3,-7158.3,106233.5,106233.5,,,
2026-08-26,13074.2,-3787.0,0.0,766.9,760.0,-4.9,NEUTRAL,NEUTRAL,BEAR,NEUTRAL,NEUTRAL,-3787.0,-3787.0,104152.8,104152.8,771.35,780.0,760.0
2026-08-27,25114.0,-220.4,0.0,770.77,760.0,-4.54,NEUTRAL,NEUTRAL,BEAR,NEUTRAL,NEUTRAL,-220.4,-220.4,98874.2,98874.2,771.47,780.0,760.0
2026-08-28,17790.2,-3708.5,0.0,769.37,760.0,-4.73,NEUTRAL,NEUTRAL,NEUTRAL,NEUTRAL,NEUTRAL,-3708.5,-3708.5,96828.8,96828.8,772.79,780.0,760.0
2026-08-29,20274.1,-4154.8,0.0,769.35,760.0,-4.76,NEUTRAL,NEUTRAL,NEUTRAL,BULL,NEUTRAL,-4154.8,-4154.8,100164.7,100164.7,772.75,780.0,760.0
2026-08-30,20274.1,-4152.7,0.0,769.35,760.0,-4.76,NEUTRAL,NEUTRAL,NEUTRAL,BULL,NEUTRAL,-4152.7,-4152.7,100164.7,100164.7,772.65,780.0,760.0
2026-08-31,6646.0,-5707.8,0.0,766.68,760.0,-4.85,NEUTRAL,NEUTRAL,NEUTRAL,BULL,NEUTRAL,-5707.8,-5707.8,96813.9,96813.9,772.37,790.0,765.0
2026-09-01,-15414.1,-9315.2,0.0,761.41,760.0,-5.45,NEUTRAL,NEUTRAL,BEAR,NEUTRAL,NEUTRAL,-9315.2,-9315.2,105841.5,105841.5,771.98,780.0,765.0
2026-09-02,5923.9,-5597.7,0.0,765.31,760.0,-5.12,NEUTRAL,NEUTRAL,BEAR,NEUTRAL,NEUTRAL,-5597.7,-5597.7,107252.7,107252.7,770.71,780.0,760.0
